{"camera_matrix": [[956.3685201914349, 0.0, 325.7892883820175], [0.0, 946.5827944650891, 278.210097526866], [0.0, 0.0, 1.0]], "dist_coeff": [[-0.3966416629975897, 9.439710516966212, 0.007149070799738316, -0.002145765036327893, -64.73542235091878]]}